<?xml version="1.0" encoding="UTF-8"?>
<templates id="template" xml:space="preserve">

	<t t-inherit="pos_loyalty.PointsCounter" t-inherit-mode="extension" owl="1">

		<xpath expr="//div[hasclass('loyalty-points-title')]" position='replace'></xpath>
		<xpath expr="//div[hasclass('loyalty-points-won')]" position='replace'></xpath>
		<xpath expr="//div[hasclass('loyalty-points-spent')]" position='replace'></xpath>
		<xpath expr="//div[hasclass('loyalty-points-total')]" position='replace'></xpath>


		<xpath expr="//div[hasclass('loyalty-points')]" position="inside">
			<table class="loyalty-tbl">
				<tr>
					<th style="width: 25%">Rank/Discount</th>
					<th style="width: 25%">Total Point</th>
					<th style="width: 25%">Won</th>
					<th style="width: 25%">Spent</th>
				</tr>
				<tr>
					<td><t t-esc="getCurrentCustomerRankDiscountText()"/></td>
					<td>
						<t t-esc="env.pos.format_currency_no_symbol(get_points_total())"/></td>
					<td><t t-if="get_points_won()">
								+ <t t-esc="env.pos.format_currency_no_symbol(get_points_won())"/>
						</t></td>
						<td><t t-if="get_points_spent()"> 
									- <t t-esc="env.pos.format_currency_no_symbol(get_points_spent())"/>
							</t></td>
						</tr>
					</table>
				</xpath>

				<xpath expr="//div[hasclass('loyalty-points')]" position="attributes">
					<attribute name="class" add="ev-loyalty-points" separator=" "/>
				</xpath>

			</t>

		</templates>
